{
  "project_info": {
    "project_number": "538195439045",
    "project_id": "shopping-application-35b3c",
    "storage_bucket": "shopping-application-35b3c.appspot.com"
  },
  "client": [
    {
      "client_info": {
        "mobilesdk_app_id": "1:538195439045:android:a63b09bdb26fc8cbe32fac",
        "android_client_info": {
          "package_name": "com.example.shoppingapplication"
        }
      },
      "oauth_client": [
        {
          "client_id": "538195439045-6blitmvca4mma0vvn2c6inglctj2d6bh.apps.googleusercontent.com",
          "client_type": 3
        }
      ],
      "api_key": [
        {
          "current_key": "AIzaSyCr1Uo9Do2-vOQKypqaEmEHddIwAZynVwc"
        }
      ],
      "services": {
        "appinvite_service": {
          "other_platform_oauth_client": [
            {
              "client_id": "538195439045-6blitmvca4mma0vvn2c6inglctj2d6bh.apps.googleusercontent.com",
              "client_type": 3
            }
          ]
        }
      }
    }
  ],
  "configuration_version": "1"
}